ring_size,rep,measurement_kind,gas,source_file,tx_hash,status
1,0,estimate,96379,results/fig10_ringsig/vectors/L1_rep00.json,,
1,1,estimate,103279,results/fig10_ringsig/vectors/L1_rep01.json,,
1,2,estimate,96367,results/fig10_ringsig/vectors/L1_rep02.json,,
1,3,estimate,103255,results/fig10_ringsig/vectors/L1_rep03.json,,
1,4,estimate,98667,results/fig10_ringsig/vectors/L1_rep04.json,,
1,5,estimate,96367,results/fig10_ringsig/vectors/L1_rep05.json,,
1,6,estimate,96367,results/fig10_ringsig/vectors/L1_rep06.json,,
1,7,estimate,98679,results/fig10_ringsig/vectors/L1_rep07.json,,
1,8,estimate,96379,results/fig10_ringsig/vectors/L1_rep08.json,,
1,9,estimate,96367,results/fig10_ringsig/vectors/L1_rep09.json,,
2,0,estimate,165500,results/fig10_ringsig/vectors/L2_rep00.json,,
2,1,estimate,158588,results/fig10_ringsig/vectors/L2_rep01.json,,
2,2,estimate,160864,results/fig10_ringsig/vectors/L2_rep02.json,,
2,3,estimate,158600,results/fig10_ringsig/vectors/L2_rep03.json,,
2,4,estimate,158588,results/fig10_ringsig/vectors/L2_rep04.json,,
2,5,estimate,174664,results/fig10_ringsig/vectors/L2_rep05.json,,
2,6,estimate,158588,results/fig10_ringsig/vectors/L2_rep06.json,,
2,7,estimate,163176,results/fig10_ringsig/vectors/L2_rep07.json,,
2,8,estimate,160888,results/fig10_ringsig/vectors/L2_rep08.json,,
2,9,estimate,165440,results/fig10_ringsig/vectors/L2_rep09.json,,
4,0,estimate,292217,results/fig10_ringsig/vectors/L4_rep00.json,,
4,1,estimate,287617,results/fig10_ringsig/vectors/L4_rep01.json,,
4,2,estimate,285281,results/fig10_ringsig/vectors/L4_rep02.json,,
4,3,estimate,303705,results/fig10_ringsig/vectors/L4_rep03.json,,
4,4,estimate,285305,results/fig10_ringsig/vectors/L4_rep04.json,,
4,5,estimate,292229,results/fig10_ringsig/vectors/L4_rep05.json,,
4,6,estimate,308317,results/fig10_ringsig/vectors/L4_rep06.json,,
4,7,estimate,289929,results/fig10_ringsig/vectors/L4_rep07.json,,
4,8,estimate,285305,results/fig10_ringsig/vectors/L4_rep08.json,,
4,9,estimate,285293,results/fig10_ringsig/vectors/L4_rep09.json,,
8,0,estimate,543432,results/fig10_ringsig/vectors/L8_rep00.json,,
8,0,spot_check_tx,440711,results/fig10_ringsig/vectors/L8_rep00.json,0xca5a487c1cf51d5cd9d9d7020453ca79ef2be4282ddecf622cb94f2571d00d26,0x1
8,1,estimate,550356,results/fig10_ringsig/vectors/L8_rep01.json,,
8,2,estimate,538808,results/fig10_ringsig/vectors/L8_rep02.json,,
8,3,estimate,559532,results/fig10_ringsig/vectors/L8_rep03.json,,
8,4,estimate,573296,results/fig10_ringsig/vectors/L8_rep04.json,,
8,5,estimate,541144,results/fig10_ringsig/vectors/L8_rep05.json,,
8,6,estimate,548020,results/fig10_ringsig/vectors/L8_rep06.json,,
8,7,estimate,561808,results/fig10_ringsig/vectors/L8_rep07.json,,
8,8,estimate,541132,results/fig10_ringsig/vectors/L8_rep08.json,,
8,9,estimate,550356,results/fig10_ringsig/vectors/L8_rep09.json,,
16,0,estimate,1064490,results/fig10_ringsig/vectors/L16_rep00.json,,
16,1,estimate,1069078,results/fig10_ringsig/vectors/L16_rep01.json,,
16,2,estimate,1066802,results/fig10_ringsig/vectors/L16_rep02.json,,
16,3,estimate,1059914,results/fig10_ringsig/vectors/L16_rep03.json,,
16,4,estimate,1073654,results/fig10_ringsig/vectors/L16_rep04.json,,
16,5,estimate,1071354,results/fig10_ringsig/vectors/L16_rep05.json,,
16,6,estimate,1080602,results/fig10_ringsig/vectors/L16_rep06.json,,
16,7,estimate,1053002,results/fig10_ringsig/vectors/L16_rep07.json,,
16,8,estimate,1046090,results/fig10_ringsig/vectors/L16_rep08.json,,
16,9,estimate,1089730,results/fig10_ringsig/vectors/L16_rep09.json,,
32,0,estimate,2116564,results/fig10_ringsig/vectors/L32_rep00.json,,
32,1,estimate,2123332,results/fig10_ringsig/vectors/L32_rep01.json,,
32,2,estimate,2121080,results/fig10_ringsig/vectors/L32_rep02.json,,
32,3,estimate,2109592,results/fig10_ringsig/vectors/L32_rep03.json,,
32,4,estimate,2081908,results/fig10_ringsig/vectors/L32_rep04.json,,
32,5,estimate,2125692,results/fig10_ringsig/vectors/L32_rep05.json,,
32,6,estimate,2063532,results/fig10_ringsig/vectors/L32_rep06.json,,
32,7,estimate,2079608,results/fig10_ringsig/vectors/L32_rep07.json,,
32,8,estimate,2081980,results/fig10_ringsig/vectors/L32_rep08.json,,
32,9,estimate,2093456,results/fig10_ringsig/vectors/L32_rep09.json,,
64,0,estimate,4124381,results/fig10_ringsig/vectors/L64_rep00.json,,
64,0,spot_check_tx,3302145,results/fig10_ringsig/vectors/L64_rep00.json,0x938a161544274ac51c9170ac90670162fb72ca0693337cffa07a9126c6ded7b3,0x1
64,1,estimate,4156629,results/fig10_ringsig/vectors/L64_rep01.json,,
64,2,estimate,4207289,results/fig10_ringsig/vectors/L64_rep02.json,,
64,3,estimate,4207217,results/fig10_ringsig/vectors/L64_rep03.json,,
64,4,estimate,4216537,results/fig10_ringsig/vectors/L64_rep04.json,,
64,5,estimate,4163661,results/fig10_ringsig/vectors/L64_rep05.json,,
64,6,estimate,4188865,results/fig10_ringsig/vectors/L64_rep06.json,,
64,7,estimate,4154389,results/fig10_ringsig/vectors/L64_rep07.json,,
64,8,estimate,4168153,results/fig10_ringsig/vectors/L64_rep08.json,,
64,9,estimate,4131281,results/fig10_ringsig/vectors/L64_rep09.json,,
128,0,estimate,8384340,results/fig10_ringsig/vectors/L128_rep00.json,,
128,1,estimate,8329104,results/fig10_ringsig/vectors/L128_rep01.json,,
128,2,estimate,8335944,results/fig10_ringsig/vectors/L128_rep02.json,,
128,3,estimate,8285392,results/fig10_ringsig/vectors/L128_rep03.json,,
128,4,estimate,8322168,results/fig10_ringsig/vectors/L128_rep04.json,,
128,5,estimate,8467020,results/fig10_ringsig/vectors/L128_rep05.json,,
128,6,estimate,8377320,results/fig10_ringsig/vectors/L128_rep06.json,,
128,7,estimate,8347516,results/fig10_ringsig/vectors/L128_rep07.json,,
128,8,estimate,8306152,results/fig10_ringsig/vectors/L128_rep08.json,,
128,9,estimate,8333500,results/fig10_ringsig/vectors/L128_rep09.json,,
256,0,estimate,16621139,results/fig10_ringsig/vectors/L256_rep00.json,,
256,1,estimate,16579595,results/fig10_ringsig/vectors/L256_rep01.json,,
256,2,estimate,16625919,results/fig10_ringsig/vectors/L256_rep02.json,,
256,3,estimate,16773263,results/fig10_ringsig/vectors/L256_rep03.json,,
256,4,estimate,16639479,results/fig10_ringsig/vectors/L256_rep04.json,,
256,5,estimate,16685539,results/fig10_ringsig/vectors/L256_rep05.json,,
256,6,estimate,16648667,results/fig10_ringsig/vectors/L256_rep06.json,,
256,7,estimate,16779899,results/fig10_ringsig/vectors/L256_rep07.json,,
256,8,estimate,16660239,results/fig10_ringsig/vectors/L256_rep08.json,,
256,9,estimate,16648715,results/fig10_ringsig/vectors/L256_rep09.json,,
